evaluation,score,best_score,recall,fpr,selected_features,best_recall,best_fpr,best_selected_features,cache_hit,algorithm,seed
1,-2.20497138148904,-2.20497138148904,0.9997905232728644,0.205,22,0.9997905232728644,0.205,22,0,pso,0
2,-2.2011398775857907,-2.2011398775857907,0.9994553605094474,0.20526785714285714,20,0.9994553605094474,0.20526785714285714,20,0,pso,0
3,-0.5759000267332205,-0.5759000267332205,0.9746952113620176,0.12205357142857143,23,0.9746952113620176,0.12205357142857143,23,0,pso,0
4,0.6855236618925925,0.6855236618925925,0.9498093761783066,0.05821428571428571,21,0.9498093761783066,0.05821428571428571,21,0,pso,0
5,-2.1572598399198797,0.6855236618925925,0.9992877791277389,0.20258928571428572,22,0.9498093761783066,0.05821428571428571,21,0,pso,0
6,-0.028352226139104444,0.6855236618925925,0.9823620595751812,0.09482142857142857,24,0.9498093761783066,0.05821428571428571,21,0,pso,0
7,0.019573056504850833,0.6855236618925925,0.9588587707905651,0.09053571428571429,27,0.9498093761783066,0.05821428571428571,21,0,pso,0
8,-2.3139157384852633,0.6855236618925925,0.9979890234194981,0.20892857142857144,28,0.9498093761783066,0.05821428571428571,21,0,pso,0
9,-2.235244733655329,0.6855236618925925,0.9998743139637186,0.20723214285714286,19,0.9498093761783066,0.05821428571428571,21,0,pso,0
10,-2.656580811133788,0.6855236618925925,0.9993715698185932,0.22732142857142856,23,0.9498093761783066,0.05821428571428571,21,0,pso,0
11,0.5152452922599345,0.6855236618925925,0.9467929113075537,0.06705357142857143,19,0.9498093761783066,0.05821428571428571,21,0,pso,0
12,0.5809451240800482,0.6855236618925925,0.9517784574133814,0.06401785714285714,19,0.9498093761783066,0.05821428571428571,21,0,pso,0
13,0.5965470005925199,0.6855236618925925,0.9519041434496628,0.06348214285714286,18,0.9498093761783066,0.05821428571428571,21,0,pso,0
14,-1.524862368802731,0.6855236618925925,0.9935900121496501,0.17044642857142858,23,0.9498093761783066,0.05821428571428571,21,0,pso,0
15,-0.7846990717188466,0.6855236618925925,0.9831580711382966,0.13410714285714287,18,0.9498093761783066,0.05821428571428571,21,0,pso,0
16,-0.8252035914286112,0.6855236618925925,0.9736059323809125,0.13517857142857143,20,0.9498093761783066,0.05821428571428571,21,0,pso,0
17,0.5821791165668163,0.6855236618925925,0.9488457832334828,0.06428571428571428,17,0.9498093761783066,0.05821428571428571,21,0,pso,0
18,-0.20270050414065655,0.6855236618925925,0.9556328291926767,0.10196428571428572,25,0.9498093761783066,0.05821428571428571,21,0,pso,0
19,0.8200980700210874,0.8200980700210874,0.949264736687754,0.051696428571428574,20,0.949264736687754,0.051696428571428574,20,0,pso,0
20,0.6077308383657625,0.8200980700210874,0.9517784574133814,0.061964285714285715,22,0.949264736687754,0.051696428571428574,20,0,pso,0
21,0.3507816723823889,0.8200980700210874,0.9501864342871507,0.07544642857142857,19,0.949264736687754,0.051696428571428574,20,0,pso,0
22,-2.2317570957747543,0.8200980700210874,0.9997905232728644,0.20705357142857142,19,0.949264736687754,0.051696428571428574,20,0,pso,0
23,0.6394318741783026,0.8200980700210874,0.9471699694163979,0.061339285714285714,17,0.949264736687754,0.051696428571428574,20,0,pso,0
24,-1.1790693098639595,0.8200980700210874,0.9905735472788973,0.15348214285714284,21,0.949264736687754,0.051696428571428574,20,0,pso,0
25,0.6234648847179747,0.8200980700210874,0.9401315513846412,0.06107142857142857,20,0.949264736687754,0.051696428571428574,20,0,pso,0
26,-1.3533570889916988,0.8200980700210874,0.9912857681511584,0.16294642857142858,18,0.949264736687754,0.051696428571428574,20,0,pso,0
27,0.7173906581359764,0.8200980700210874,0.9483430390883573,0.05678571428571429,20,0.949264736687754,0.051696428571428574,20,0,pso,0
28,0.5846612661571395,0.8200980700210874,0.9477565042523776,0.061964285714285715,26,0.949264736687754,0.051696428571428574,20,0,pso,0
29,-0.326976762048403,0.8200980700210874,0.9813565712849303,0.11089285714285714,19,0.949264736687754,0.051696428571428574,20,0,pso,0
30,0.7671431264700778,0.8200980700210874,0.956428840755792,0.054464285714285715,21,0.949264736687754,0.051696428571428574,20,0,pso,0
31,0.3653519508268348,0.8200980700210874,0.9510662365411203,0.07357142857142857,24,0.949264736687754,0.051696428571428574,20,0,pso,0
32,0.845131262107256,0.845131262107256,0.9498931668691608,0.045625,22,0.9498931668691608,0.045625,22,0,pso,0
33,-0.2001491524172615,0.845131262107256,0.9813984666303573,0.103125,25,0.9498931668691608,0.045625,22,0,pso,0
34,0.7137615486514687,0.845131262107256,0.9464996438895639,0.056875,20,0.9498931668691608,0.045625,22,0,pso,0
35,-0.5407787596583734,0.845131262107256,0.9860069546273409,0.12133928571428572,21,0.9498931668691608,0.045625,22,0,pso,0
36,0.6633796276900303,0.845131262107256,0.955046294356697,0.059821428571428574,20,0.9498931668691608,0.045625,22,0,pso,0
37,0.7276511773589575,0.845131262107256,0.950270224978005,0.056607142857142856,19,0.9498931668691608,0.045625,22,0,pso,0
38,0.8248061342765771,0.845131262107256,0.955758515228958,0.05178571428571429,20,0.9498931668691608,0.045625,22,0,pso,0
39,0.8559696129069585,0.8559696129069585,0.9529934224307679,0.05008928571428571,20,0.9529934224307679,0.05008928571428571,20,0,pso,0
40,0.7413258679817816,0.8559696129069585,0.9484687251246386,0.05392857142857143,27,0.9529934224307679,0.05008928571428571,20,0,pso,0
41,0.8436926557459467,0.8559696129069585,0.9436926557459466,0.04875,21,0.9529934224307679,0.05008928571428571,20,0,pso,0
42,0.733503982052832,0.8559696129069585,0.9483849344337844,0.05669642857142857,17,0.9529934224307679,0.05008928571428571,20,0,pso,0
43,0.8377718459288697,0.8559696129069585,0.9472956554526792,0.048660714285714286,23,0.9529934224307679,0.05008928571428571,20,0,pso,0
44,0.8677818808616077,0.8677818808616077,0.9534961665758934,0.04973214285714286,18,0.9534961665758934,0.04973214285714286,18,0,pso,0
45,0.6691660482115677,0.8677818808616077,0.9519041434496628,0.059375,20,0.9534961665758934,0.04973214285714286,18,0,pso,0
46,0.5246417947965981,0.8677818808616077,0.949641794796598,0.06625,21,0.9534961665758934,0.04973214285714286,18,0,pso,0
47,0.7572873960845807,0.8677818808616077,0.9501445389417236,0.054642857142857146,21,0.9534961665758934,0.04973214285714286,18,0,pso,0
48,0.6886135932440763,0.8677818808616077,0.9564707361012191,0.057678571428571426,24,0.9534961665758934,0.04973214285714286,18,0,pso,0
49,0.8136026705290186,0.8677818808616077,0.9457455276718757,0.052321428571428574,18,0.9534961665758934,0.04973214285714286,18,0,pso,0
50,-0.38208859269544665,0.8677818808616077,0.9619590263521722,0.11196428571428571,22,0.9534961665758934,0.04973214285714286,18,0,pso,0
51,0.8472853312425562,0.8677818808616077,0.9508567598139847,0.05017857142857143,21,0.9534961665758934,0.04973214285714286,18,0,pso,0
52,0.749982418917544,0.8677818808616077,0.9553395617746868,0.055982142857142855,18,0.9534961665758934,0.04973214285714286,18,0,pso,0
53,0.35663285612539875,0.8677818808616077,0.9512757132682559,0.07473214285714286,21,0.9534961665758934,0.04973214285714286,18,0,pso,0
54,0.6669700837308403,0.8677818808616077,0.9508986551594117,0.05919642857142857,21,0.9534961665758934,0.04973214285714286,18,0,pso,0
55,0.7177976664292598,0.8677818808616077,0.9552976664292597,0.056875,21,0.9534961665758934,0.04973214285714286,18,0,pso,0
56,0.5488457832334829,0.8677818808616077,0.9488457832334828,0.065,21,0.9534961665758934,0.04973214285714286,18,0,pso,0
57,0.7744725924640248,0.8677818808616077,0.9524487829402153,0.053660714285714284,22,0.9534961665758934,0.04973214285714286,18,0,pso,0
58,0.7898807778170132,0.8677818808616077,0.9541664921027274,0.05178571428571429,27,0.9534961665758934,0.04973214285714286,18,0,pso,0
59,0.7889329704398413,0.8677818808616077,0.9550043990112699,0.05258928571428571,24,0.9534961665758934,0.04973214285714286,18,0,pso,0
60,-1.1211114136886062,0.8677818808616077,0.9872219196447275,0.15232142857142858,13,0.9534961665758934,0.04973214285714286,18,0,pso,0
61,0.7315474444836798,0.8677818808616077,0.9541664921027274,0.05517857142857143,25,0.9534961665758934,0.04973214285714286,18,0,pso,0
62,0.7151495564080925,0.8677818808616077,0.9532447945033307,0.055714285714285716,26,0.9534961665758934,0.04973214285714286,18,0,pso,0
63,0.8537475386484562,0.8677818808616077,0.9537475386484562,0.04982142857142857,21,0.9534961665758934,0.04973214285714286,18,0,pso,0
64,0.34407901561898374,0.8677818808616077,0.9577694918094599,0.07473214285714286,25,0.9534961665758934,0.04973214285714286,18,0,pso,0
65,0.7185185905607792,0.8677818808616077,0.9554233524655411,0.056607142857142856,22,0.9534961665758934,0.04973214285714286,18,0,pso,0
66,0.8042274149175359,0.8677818808616077,0.9500607482508693,0.05205357142857143,22,0.9534961665758934,0.04973214285714286,18,0,pso,0
67,0.7704370731911685,0.8677818808616077,0.9579370731911685,0.055089285714285716,18,0.9534961665758934,0.04973214285714286,18,0,pso,0
68,0.7538683618321433,0.8677818808616077,0.9627969332607147,0.054732142857142854,24,0.9534961665758934,0.04973214285714286,18,0,pso,0
69,0.8490188259727202,0.8677818808616077,0.954375968829863,0.05026785714285714,21,0.9534961665758934,0.04973214285714286,18,0,pso,0
70,0.6912285111790746,0.8677818808616077,0.9578951778457413,0.05785714285714286,23,0.9534961665758934,0.04973214285714286,18,0,pso,0
71,0.8580066992652354,0.8677818808616077,0.9532447945033307,0.05,20,0.9534961665758934,0.04973214285714286,18,0,pso,0
72,0.43308178669683145,0.8677818808616077,0.9539151200301647,0.07223214285714286,16,0.9534961665758934,0.04973214285714286,18,0,pso,0
73,0.6611543115297986,0.8677818808616077,0.9617495496250367,0.060267857142857144,20,0.9534961665758934,0.04973214285714286,18,0,pso,0
74,0.7139030202554021,0.8677818808616077,0.9484268297792116,0.05696428571428572,20,0.9534961665758934,0.04973214285714286,18,0,pso,0
75,0.7965747313211599,0.8677818808616077,0.9471699694163979,0.05419642857142857,14,0.9534961665758934,0.04973214285714286,18,0,pso,0
76,0.717460882714978,0.8677818808616077,0.9579370731911685,0.0575,19,0.9534961665758934,0.04973214285714286,18,0,pso,0
77,0.8105030134723461,0.8677818808616077,0.9569315849009175,0.05303571428571428,18,0.9534961665758934,0.04973214285714286,18,0,pso,0
78,0.7996417947965981,0.8677818808616077,0.949641794796598,0.05392857142857143,15,0.9534961665758934,0.04973214285714286,18,0,pso,0
79,0.7480971283733235,0.8677818808616077,0.9534542712304663,0.055982142857142855,18,0.9534961665758934,0.04973214285714286,18,0,pso,0
80,0.6363931399364388,0.8677818808616077,0.9542502827935816,0.06017857142857143,24,0.9534961665758934,0.04973214285714286,18,0,pso,0
81,0.4950790425517059,0.8677818808616077,0.9534123758850391,0.06839285714285714,19,0.9534961665758934,0.04973214285714286,18,0,pso,0
82,0.7740275292319785,0.8677818808616077,0.9537894339938833,0.05375,22,0.9534961665758934,0.04973214285714286,18,0,pso,0
83,-0.050431073179198455,0.8677818808616077,0.9602832125350873,0.09625,18,0.9534961665758934,0.04973214285714286,18,0,pso,0
84,0.6393361383264605,0.8677818808616077,0.9536218526121748,0.062142857142857146,15,0.9534961665758934,0.04973214285714286,18,0,pso,0
85,0.8557585152289581,0.8677818808616077,0.955758515228958,0.04982142857142857,21,0.9534961665758934,0.04973214285714286,18,0,pso,0
86,0.82109485505208,0.8677818808616077,0.9508567598139847,0.05125,22,0.9534961665758934,0.04973214285714286,18,0,pso,0
87,0.6647480094723381,0.8677818808616077,0.9516527713771,0.059821428571428574,19,0.9534961665758934,0.04973214285714286,18,0,pso,0
88,0.5277784843461035,0.8677818808616077,0.9474213414889606,0.06526785714285714,24,0.9534961665758934,0.04973214285714286,18,0,pso,0
89,0.8143361383264606,0.8677818808616077,0.9536218526121748,0.05267857142857143,18,0.9534961665758934,0.04973214285714286,18,0,pso,0
90,0.8042780135222216,0.8677818808616077,0.9495161087603168,0.0525,20,0.9534961665758934,0.04973214285714286,18,0,pso,0
91,0.6922720544080885,0.8677818808616077,0.9506053877414219,0.05696428571428572,25,0.9534961665758934,0.04973214285714286,18,0,pso,0
92,0.8703233323158749,0.8703233323158749,0.9512757132682559,0.049553571428571426,17,0.9512757132682559,0.049553571428571426,17,0,pso,0
93,0.7820621337897932,0.8703233323158749,0.9481335623612217,0.05330357142857143,21,0.9512757132682559,0.049553571428571426,17,0,pso,0
94,0.3977010427950979,0.8703233323158749,0.9572248523189074,0.07321428571428572,20,0.9512757132682559,0.049553571428571426,17,0,pso,0
95,0.7341030605547344,0.8703233323158749,0.9567221081737819,0.056607142857142856,19,0.9512757132682559,0.049553571428571426,17,0,pso,0
96,0.774589575241048,0.8703233323158749,0.9531610038124765,0.05392857142857143,21,0.9512757132682559,0.049553571428571426,17,0,pso,0
97,0.6914064167709063,0.8703233323158749,0.9545016548661444,0.05839285714285714,20,0.9512757132682559,0.049553571428571426,17,0,pso,0
98,0.6489404966393949,0.8703233323158749,0.9596547823536805,0.06053571428571428,21,0.9512757132682559,0.049553571428571426,17,0,pso,0
99,0.710689622323436,0.8703233323158749,0.9529515270853408,0.056875,22,0.9512757132682559,0.049553571428571426,17,0,pso,0
100,0.7791333000165586,0.8703233323158749,0.9535380619213205,0.05348214285714286,22,0.9512757132682559,0.049553571428571426,17,0,pso,0
101,0.8071339793196596,0.8703233323158749,0.9547530269387071,0.05142857142857143,25,0.9512757132682559,0.049553571428571426,17,0,pso,0
102,0.6703320355751333,0.8703233323158749,0.9506891784322762,0.05973214285714286,18,0.9512757132682559,0.049553571428571426,17,0,pso,0
103,0.7920957697671217,0.8703233323158749,0.9510243411956931,0.053660714285714284,18,0.9512757132682559,0.049553571428571426,17,0,pso,0
104,0.7171518297293362,0.8703233323158749,0.9558423059198123,0.05669642857142857,22,0.9512757132682559,0.049553571428571426,17,0,pso,0
105,0.754300881398267,0.8703233323158749,0.953705643303029,0.054017857142857145,25,0.9512757132682559,0.049553571428571426,17,0,pso,0
106,0.5754693774950175,0.8703233323158749,0.954040806066446,0.06392857142857143,21,0.9512757132682559,0.049553571428571426,17,0,pso,0
107,0.7380112728404445,0.8703233323158749,0.9540827014118731,0.05580357142857143,21,0.9512757132682559,0.049553571428571426,17,0,pso,0
108,0.8606461060271442,0.8703233323158749,0.9558842012652394,0.04705357142857143,20,0.9512757132682559,0.049553571428571426,17,0,pso,0
109,0.7335458773982593,0.8703233323158749,0.9484268297792116,0.05526785714285714,23,0.9512757132682559,0.049553571428571426,17,0,pso,0
110,0.7797040492848863,0.8703233323158749,0.952323096903934,0.053392857142857145,22,0.9512757132682559,0.049553571428571426,17,0,pso,0
111,0.5740014194542036,0.8703233323158749,0.9555490385018225,0.06526785714285714,16,0.9512757132682559,0.049553571428571426,17,0,pso,0
112,0.685514958633334,0.8703233323158749,0.9503959110142863,0.057053571428571426,26,0.9512757132682559,0.049553571428571426,17,0,pso,0
113,0.7982630888041672,0.8703233323158749,0.9565964221375005,0.053392857142857145,19,0.9512757132682559,0.049553571428571426,17,0,pso,0
114,0.451668556944752,0.8703233323158749,0.9534542712304663,0.069375,24,0.9512757132682559,0.049553571428571426,17,0,pso,0
115,0.8263333941813351,0.8703233323158749,0.9531191084670493,0.052767857142857144,15,0.9512757132682559,0.049553571428571426,17,0,pso,0
116,0.5264574592667517,0.8703233323158749,0.9562193640286564,0.06696428571428571,19,0.9512757132682559,0.049553571428571426,17,0,pso,0
117,0.8508844905426245,0.8703233323158749,0.9461225857807197,0.047410714285714285,20,0.9512757132682559,0.049553571428571426,17,0,pso,0
118,0.5871314705864751,0.8703233323158749,0.9532028991579036,0.06330357142857143,21,0.9512757132682559,0.049553571428571426,17,0,pso,0
119,0.7907692833302412,0.8703233323158749,0.9544597595207173,0.053660714285714284,19,0.9512757132682559,0.049553571428571426,17,0,pso,0
120,0.762440523572117,0.8703233323158749,0.9552976664292597,0.05607142857142857,15,0.9512757132682559,0.049553571428571426,17,0,pso,0
